{"cameraMode":{"drawMode":0,"name":"Shaded","section":"Shading Mode"},"sceneLighting":true,"audioPlay":false,"sceneViewState":{"m_AlwaysRefresh":false,"showFog":true,"showSkybox":true,"showFlares":true,"showImageEffects":true,"showParticleSystems":true,"showVisualEffectGraphs":true,"m_FxEnabled":true},"in2DMode":false,"pivot":{"x":3.163802146911621,"y":0.518942654132843,"z":37.06422805786133},"rotation":{"x":0.0074653890915215019,"y":0.09585006535053253,"z":-0.0007192680495791137,"w":0.9953727722167969},"size":12.12435531616211,"orthographic":false}