{"cameraMode":{"drawMode":0,"name":"Shaded","section":"Shading Mode"},"sceneLighting":true,"audioPlay":false,"sceneViewState":{"m_AlwaysRefresh":false,"showFog":true,"showSkybox":true,"showFlares":true,"showImageEffects":true,"showParticleSystems":true,"showVisualEffectGraphs":true,"m_FxEnabled":true},"in2DMode":false,"pivot":{"x":-0.44983911514282229,"y":-1.1448700428009034,"z":15.574651718139649},"rotation":{"x":0.14220836758613587,"y":0.09782510250806809,"z":-0.014125104062259198,"w":0.984897255897522},"size":6.766175746917725,"orthographic":false}